id,email
1,alice@example.com
2,bob@example.com
3,carol@example.com

4,dan@example.com

4,dan@example.com

4,dan@example.com

4,dan@example.com

4,dan@example.com

4,dan@example.com

4,dan@example.com

4,dan@example.com

4,dan@example.com

4,dan@example.com

4,dan@example.com

4,dan@example.com

4,dan@example.com

4,dan@example.com

4,dan@example.com

4,dan@example.com

4,dan@example.com

4,dan@example.com

4,dan@example.com

4,dan@example.com

4,dan@example.com

4,dan@example.com

4,dan@example.com

4,dan@example.com

4,dan@example.com

4,dan@example.com

4,dan@example.com

4,dan@example.com

4,dan@example.com

4,dan@example.com

4,dan@example.com

4,dan@example.com
